Category,Keywords
Data Scientist,"Machine Learning, Deep Learning, TensorFlow, Big Data, SQL"
Data Scientist,"TensorFlow, R, Python, Deep Learning, Machine Learning"
Data Scientist,"Machine Learning, Pandas, Deep Learning, PyTorch, SQL"
Data Scientist,"Machine Learning, Python, R, PyTorch, Pandas"
Data Scientist,"Big Data, Pandas, Machine Learning, SQL, PyTorch"
Data Scientist,"R, SQL, PyTorch, TensorFlow, Deep Learning"
Data Scientist,"Deep Learning, Machine Learning, Python, Big Data, SQL"
Data Scientist,"Machine Learning, Big Data, Deep Learning, SQL, Python"
Data Scientist,"TensorFlow, Python, PyTorch, Big Data, SQL"
Data Scientist,"Big Data, TensorFlow, PyTorch, Machine Learning, Python"
Data Scientist,"Pandas, PyTorch, Big Data, Python, TensorFlow"
Data Scientist,"R, Machine Learning, Deep Learning, Python, TensorFlow"
Data Scientist,"TensorFlow, Big Data, SQL, R, Pandas"
Data Scientist,"PyTorch, SQL, Python, Big Data, Machine Learning"
Data Scientist,"Machine Learning, R, Big Data, TensorFlow, PyTorch"
Data Scientist,"PyTorch, TensorFlow, Pandas, SQL, Python"
Data Scientist,"Python, PyTorch, SQL, R, Machine Learning"
Data Scientist,"SQL, R, Machine Learning, Big Data, Python"
Data Scientist,"Pandas, Big Data, Machine Learning, R, Python"
Machine Learning Engineer,"TensorFlow, Deep Learning, PyTorch, NLP, ML Algorithms"
Machine Learning Engineer,"PyTorch, Python, Computer Vision, NLP, TensorFlow"
Machine Learning Engineer,"Computer Vision, ML Algorithms, Deep Learning, Python, NLP"
Machine Learning Engineer,"Deep Learning, Computer Vision, TensorFlow, ML Algorithms, NLP"
Machine Learning Engineer,"Computer Vision, PyTorch, Python, ML Algorithms, Deep Learning"
Machine Learning Engineer,"PyTorch, Deep Learning, TensorFlow, ML Algorithms, NLP"
Machine Learning Engineer,"NLP, Computer Vision, Python, TensorFlow, ML Algorithms"
Machine Learning Engineer,"Computer Vision, ML Algorithms, Deep Learning, Python, TensorFlow"
Machine Learning Engineer,"PyTorch, Computer Vision, TensorFlow, ML Algorithms, Deep Learning"
Machine Learning Engineer,"ML Algorithms, Deep Learning, TensorFlow, Computer Vision, PyTorch"
Machine Learning Engineer,"Computer Vision, Python, ML Algorithms, TensorFlow, Deep Learning"
Machine Learning Engineer,"Deep Learning, ML Algorithms, Python, PyTorch, TensorFlow"
Machine Learning Engineer,"TensorFlow, Deep Learning, Python, NLP, Computer Vision"
Machine Learning Engineer,"NLP, Computer Vision, Python, TensorFlow, Deep Learning"
Machine Learning Engineer,"NLP, TensorFlow, PyTorch, ML Algorithms, Computer Vision"
Machine Learning Engineer,"Python, ML Algorithms, NLP, TensorFlow, PyTorch"
Machine Learning Engineer,"Python, ML Algorithms, NLP, Computer Vision, PyTorch"
Machine Learning Engineer,"ML Algorithms, TensorFlow, Python, Computer Vision, PyTorch"
AI Engineer,"Speech Recognition, Computer Vision, Reinforcement Learning, Deep Learning, Neural Networks"
AI Engineer,"Computer Vision, Deep Learning, Neural Networks, Speech Recognition, Reinforcement Learning"
AI Engineer,"Speech Recognition, Computer Vision, Neural Networks, Deep Learning, Reinforcement Learning"
AI Engineer,"Computer Vision, Speech Recognition, Deep Learning, Neural Networks, Reinforcement Learning"
AI Engineer,"Deep Learning, Reinforcement Learning, Neural Networks, Computer Vision, Speech Recognition"
AI Engineer,"Neural Networks, Speech Recognition, Deep Learning, Computer Vision, Reinforcement Learning"
AI Engineer,"Neural Networks, Deep Learning, Computer Vision, Speech Recognition, Reinforcement Learning"
AI Engineer,"Reinforcement Learning, Deep Learning, Speech Recognition, Neural Networks, Computer Vision"
AI Engineer,"Speech Recognition, Computer Vision, Reinforcement Learning, Neural Networks, Deep Learning"
AI Engineer,"Neural Networks, Reinforcement Learning, Deep Learning, Computer Vision, Speech Recognition"
AI Engineer,"Speech Recognition, Deep Learning, Reinforcement Learning, Computer Vision, Neural Networks"
AI Engineer,"Deep Learning, Neural Networks, Reinforcement Learning, Speech Recognition, Computer Vision"
AI Engineer,"Computer Vision, Neural Networks, Deep Learning, Speech Recognition, Reinforcement Learning"
AI Engineer,"Reinforcement Learning, Deep Learning, Computer Vision, Speech Recognition, Neural Networks"
AI Engineer,"Speech Recognition, Computer Vision, Deep Learning, Neural Networks, Reinforcement Learning"
AI Engineer,"Neural Networks, Computer Vision, Speech Recognition, Deep Learning, Reinforcement Learning"
AI Engineer,"Neural Networks, Speech Recognition, Computer Vision, Reinforcement Learning, Deep Learning"
AI Engineer,"Speech Recognition, Deep Learning, Computer Vision, Neural Networks, Reinforcement Learning"
Software Engineer,"Node.js, Python, C++, Java, Microservices"
Software Engineer,"Python, Spring Boot, React, Microservices, Node.js"
Software Engineer,"Spring Boot, React, Python, Java, C++"
Software Engineer,"Microservices, Spring Boot, Python, React, C++"
Software Engineer,"Python, Microservices, Spring Boot, React, Java"
Software Engineer,"Python, Microservices, Spring Boot, JavaScript, Java"
Software Engineer,"Java, Spring Boot, Node.js, Microservices, C++"
Software Engineer,"Python, C++, Spring Boot, Node.js, Microservices"
Software Engineer,"Python, Microservices, JavaScript, Node.js, React"
Software Engineer,"Python, C++, Microservices, Spring Boot, React"
Software Engineer,"JavaScript, Microservices, Node.js, C++, Python"
Software Engineer,"Spring Boot, Java, C++, Python, Node.js"
Software Engineer,"JavaScript, Microservices, Python, Java, C++"
Software Engineer,"JavaScript, Spring Boot, Java, Python, React"
Software Engineer,"Python, React, Node.js, Spring Boot, Microservices"
Software Engineer,"C++, React, Node.js, Java, Microservices"
Software Engineer,"React, C++, Microservices, Java, Spring Boot"
Full Stack Developer,"GraphQL, React, TypeScript, Node.js, HTML"
Full Stack Developer,"React, MongoDB, Node.js, CSS, JavaScript"
Full Stack Developer,"GraphQL, HTML, TypeScript, CSS, MongoDB"
Full Stack Developer,"CSS, HTML, React, JavaScript, GraphQL"
Full Stack Developer,"JavaScript, MongoDB, TypeScript, CSS, Node.js"
Full Stack Developer,"JavaScript, Node.js, CSS, TypeScript, HTML"
Full Stack Developer,"JavaScript, CSS, GraphQL, TypeScript, HTML"
Full Stack Developer,"GraphQL, MongoDB, React, JavaScript, HTML"
Full Stack Developer,"Node.js, HTML, CSS, GraphQL, React"
Full Stack Developer,"TypeScript, MongoDB, GraphQL, Node.js, CSS"
Full Stack Developer,"MongoDB, TypeScript, GraphQL, Node.js, CSS"
Full Stack Developer,"Node.js, GraphQL, React, CSS, MongoDB"
Full Stack Developer,"TypeScript, React, HTML, MongoDB, JavaScript"
Full Stack Developer,"HTML, GraphQL, JavaScript, CSS, React"
Full Stack Developer,"TypeScript, HTML, MongoDB, JavaScript, React"
Full Stack Developer,"CSS, TypeScript, React, Node.js, HTML"
Full Stack Developer,"HTML, Node.js, CSS, JavaScript, React"
Full Stack Developer,"React, GraphQL, JavaScript, MongoDB, Node.js"
Full Stack Developer,"HTML, TypeScript, CSS, MongoDB, Node.js"
Frontend Developer,"CSS, Vue.js, React, HTML, JavaScript"
Frontend Developer,"SASS, UI/UX, CSS, Webpack, HTML"
Frontend Developer,"Webpack, SASS, Vue.js, CSS, JavaScript"
Frontend Developer,"SASS, CSS, Webpack, UI/UX, Vue.js"
Frontend Developer,"HTML, Webpack, UI/UX, React, JavaScript"
Frontend Developer,"React, HTML, SASS, Vue.js, Webpack"
Frontend Developer,"Vue.js, CSS, HTML, UI/UX, SASS"
Frontend Developer,"UI/UX, Webpack, HTML, CSS, SASS"
Frontend Developer,"JavaScript, React, UI/UX, Webpack, CSS"
Frontend Developer,"Vue.js, CSS, HTML, UI/UX, Webpack"
Frontend Developer,"Vue.js, JavaScript, React, SASS, UI/UX"
Frontend Developer,"SASS, CSS, Webpack, React, HTML"
Frontend Developer,"Vue.js, CSS, JavaScript, React, Webpack"
Frontend Developer,"UI/UX, Webpack, HTML, SASS, Vue.js"
Frontend Developer,"HTML, JavaScript, React, Webpack, CSS"
Frontend Developer,"JavaScript, CSS, React, Webpack, HTML"
Frontend Developer,"Vue.js, SASS, JavaScript, UI/UX, React"
Frontend Developer,"React, HTML, UI/UX, CSS, Vue.js"
Frontend Developer,"Vue.js, CSS, Webpack, HTML, SASS"
Frontend Developer,"SASS, JavaScript, React, UI/UX, CSS"
Backend Developer,"GraphQL, Node.js, NoSQL, SQL, PostgreSQL"
Backend Developer,"GraphQL, Node.js, Spring Boot, NoSQL, SQL"
Backend Developer,"SQL, Django, PostgreSQL, Node.js, GraphQL"
Backend Developer,"PostgreSQL, Django, NoSQL, Node.js, Spring Boot"
Backend Developer,"PostgreSQL, Django, GraphQL, SQL, Spring Boot"
Backend Developer,"PostgreSQL, GraphQL, SQL, Spring Boot, Node.js"
Backend Developer,"Node.js, Django, Spring Boot, PostgreSQL, GraphQL"
Backend Developer,"GraphQL, SQL, Django, Spring Boot, PostgreSQL"
Backend Developer,"PostgreSQL, SQL, NoSQL, GraphQL, Spring Boot"
Backend Developer,"GraphQL, Django, NoSQL, Spring Boot, SQL"
Backend Developer,"GraphQL, Node.js, NoSQL, Spring Boot, SQL"
Backend Developer,"Node.js, PostgreSQL, NoSQL, Django, GraphQL"
Backend Developer,"Spring Boot, SQL, Django, PostgreSQL, Node.js"
Backend Developer,"PostgreSQL, Django, Node.js, Spring Boot, GraphQL"
Backend Developer,"SQL, Django, PostgreSQL, Node.js, GraphQL"
Backend Developer,"SQL, Spring Boot, Node.js, NoSQL, PostgreSQL"
Backend Developer,"SQL, Node.js, Spring Boot, GraphQL, PostgreSQL"
DevOps Engineer,"Ansible, Docker, Monitoring, CI/CD, Terraform"
DevOps Engineer,"Ansible, Terraform, Monitoring, CI/CD, Kubernetes"
DevOps Engineer,"Monitoring, Ansible, Terraform, Jenkins, Docker"
DevOps Engineer,"Jenkins, Terraform, Monitoring, Ansible, Kubernetes"
DevOps Engineer,"Monitoring, CI/CD, Ansible, Kubernetes, Docker"
DevOps Engineer,"Terraform, Kubernetes, Docker, Monitoring, Jenkins"
DevOps Engineer,"Monitoring, Docker, Jenkins, Kubernetes, Ansible"
DevOps Engineer,"Terraform, Docker, Jenkins, CI/CD, Monitoring"
DevOps Engineer,"Kubernetes, Docker, CI/CD, Jenkins, Monitoring"
DevOps Engineer,"Ansible, Jenkins, Kubernetes, Docker, Terraform"
DevOps Engineer,"Kubernetes, Ansible, Monitoring, Docker, Jenkins"
DevOps Engineer,"Docker, Ansible, Kubernetes, CI/CD, Jenkins"
DevOps Engineer,"CI/CD, Kubernetes, Terraform, Monitoring, Docker"
DevOps Engineer,"Monitoring, Ansible, Terraform, Jenkins, CI/CD"
DevOps Engineer,"Terraform, CI/CD, Ansible, Kubernetes, Docker"
Cloud Engineer,"Serverless, Kubernetes, Docker, Google Cloud, Terraform"
Cloud Engineer,"Terraform, Docker, Azure, Serverless, Kubernetes"
Cloud Engineer,"Google Cloud, AWS, Kubernetes, Serverless, Docker"
Cloud Engineer,"Terraform, Kubernetes, Azure, AWS, Serverless"
Cloud Engineer,"Docker, Azure, Kubernetes, Google Cloud, Terraform"
Cloud Engineer,"Terraform, Serverless, AWS, Docker, Kubernetes"
Cloud Engineer,"Azure, Kubernetes, Terraform, AWS, Docker"
Cloud Engineer,"Kubernetes, Serverless, Docker, Google Cloud, AWS"
Cloud Engineer,"Kubernetes, Terraform, Serverless, Docker, Google Cloud"
Cloud Engineer,"Terraform, AWS, Docker, Kubernetes, Serverless"
Cloud Engineer,"Google Cloud, Docker, Kubernetes, AWS, Serverless"
Cloud Engineer,"AWS, Kubernetes, Azure, Terraform, Google Cloud"
Cloud Engineer,"Serverless, Google Cloud, Terraform, AWS, Docker"
Cloud Engineer,"AWS, Terraform, Azure, Serverless, Kubernetes"
Cloud Engineer,"AWS, Docker, Google Cloud, Terraform, Azure"
Cloud Engineer,"Kubernetes, Terraform, Serverless, Docker, AWS"
Cloud Engineer,"AWS, Terraform, Azure, Kubernetes, Docker"
Cybersecurity Analyst,"Ethical Hacking, Incident Response, Firewalls, SIEM, Penetration Testing"
Cybersecurity Analyst,"Penetration Testing, Incident Response, SIEM, Ethical Hacking, Network Security"
Cybersecurity Analyst,"Ethical Hacking, Penetration Testing, Firewalls, SIEM, Network Security"
Cybersecurity Analyst,"Firewalls, Penetration Testing, Incident Response, Ethical Hacking, Network Security"
Cybersecurity Analyst,"Network Security, Incident Response, SIEM, Firewalls, Ethical Hacking"
Cybersecurity Analyst,"Firewalls, Ethical Hacking, Network Security, Incident Response, Penetration Testing"
Cybersecurity Analyst,"Penetration Testing, Ethical Hacking, SIEM, Network Security, Firewalls"
Cybersecurity Analyst,"Ethical Hacking, Incident Response, Firewalls, Network Security, SIEM"
Cybersecurity Analyst,"Network Security, Incident Response, Ethical Hacking, Firewalls, SIEM"
Cybersecurity Analyst,"Network Security, Firewalls, Penetration Testing, Ethical Hacking, Incident Response"
Cybersecurity Analyst,"Incident Response, Firewalls, Network Security, Ethical Hacking, Penetration Testing"
Cybersecurity Analyst,"Ethical Hacking, Incident Response, Penetration Testing, Network Security, SIEM"
Cybersecurity Analyst,"Ethical Hacking, Firewalls, Incident Response, Penetration Testing, Network Security"
Cybersecurity Analyst,"Network Security, Penetration Testing, SIEM, Ethical Hacking, Incident Response"
Cybersecurity Analyst,"Firewalls, Penetration Testing, Ethical Hacking, Network Security, SIEM"
Cybersecurity Analyst,"Incident Response, SIEM, Ethical Hacking, Penetration Testing, Firewalls"
Cybersecurity Analyst,"SIEM, Firewalls, Penetration Testing, Incident Response, Network Security"
Blockchain Developer,"Solidity, NFTs, Hyperledger, DeFi, Smart Contracts"
Blockchain Developer,"Ethereum, Hyperledger, Web3.js, NFTs, Solidity"
Blockchain Developer,"NFTs, DeFi, Ethereum, Hyperledger, Web3.js"
Blockchain Developer,"NFTs, Ethereum, Hyperledger, Web3.js, Smart Contracts"
Blockchain Developer,"Solidity, Smart Contracts, DeFi, Hyperledger, Ethereum"
Blockchain Developer,"Web3.js, Smart Contracts, DeFi, Solidity, Hyperledger"
Blockchain Developer,"Web3.js, Solidity, DeFi, NFTs, Hyperledger"
Blockchain Developer,"Ethereum, NFTs, DeFi, Solidity, Web3.js"
Blockchain Developer,"Hyperledger, Solidity, NFTs, Ethereum, DeFi"
Blockchain Developer,"NFTs, Solidity, Ethereum, Smart Contracts, Web3.js"
Blockchain Developer,"Ethereum, Smart Contracts, DeFi, Web3.js, NFTs"
Blockchain Developer,"Ethereum, NFTs, Solidity, Web3.js, Hyperledger"
Blockchain Developer,"Hyperledger, Smart Contracts, Web3.js, NFTs, DeFi"
Blockchain Developer,"Web3.js, DeFi, Smart Contracts, Ethereum, Solidity"
Blockchain Developer,"Solidity, Smart Contracts, Hyperledger, Web3.js, DeFi"
Embedded Systems Engineer,"Microcontrollers, IoT, FPGA, RTOS, C++"
Embedded Systems Engineer,"IoT, C, FPGA, Microcontrollers, C++"
Embedded Systems Engineer,"FPGA, Microcontrollers, C, RTOS, C++"
Embedded Systems Engineer,"FPGA, C++, Microcontrollers, IoT, RTOS"
Embedded Systems Engineer,"C, C++, IoT, FPGA, Microcontrollers"
Embedded Systems Engineer,"RTOS, FPGA, C, C++, IoT"
Embedded Systems Engineer,"RTOS, Microcontrollers, FPGA, C++, IoT"
Embedded Systems Engineer,"C, FPGA, C++, IoT, Microcontrollers"
Embedded Systems Engineer,"C++, FPGA, RTOS, Microcontrollers, C"
Embedded Systems Engineer,"FPGA, Microcontrollers, RTOS, C, IoT"
Embedded Systems Engineer,"FPGA, C, IoT, RTOS, C++"
Embedded Systems Engineer,"C++, RTOS, IoT, Microcontrollers, C"
Embedded Systems Engineer,"IoT, RTOS, C, Microcontrollers, C++"
Embedded Systems Engineer,"C, RTOS, IoT, Microcontrollers, FPGA"
Embedded Systems Engineer,"RTOS, C++, Microcontrollers, C, FPGA"
Embedded Systems Engineer,"C++, Microcontrollers, RTOS, IoT, C"
Embedded Systems Engineer,"C++, FPGA, IoT, RTOS, C"
Embedded Systems Engineer,"Microcontrollers, RTOS, FPGA, IoT, C"
Embedded Systems Engineer,"IoT, C, RTOS, Microcontrollers, FPGA"
Embedded Systems Engineer,"FPGA, IoT, C, C++, RTOS"
Game Developer,"Unreal Engine, Game Physics, Unity, C++, 3D Modeling"
Game Developer,"Game Physics, C++, 3D Modeling, Unreal Engine, Shaders"
Game Developer,"Game Physics, 3D Modeling, C#, C++, Unity"
Game Developer,"Shaders, C++, Unreal Engine, Game Physics, Unity"
Game Developer,"Unreal Engine, Shaders, Game Physics, 3D Modeling, C#"
Game Developer,"Unreal Engine, C#, Unity, 3D Modeling, Game Physics"
Game Developer,"Shaders, C++, C#, Unity, Unreal Engine"
Game Developer,"3D Modeling, Game Physics, Shaders, C#, Unity"
Game Developer,"C++, 3D Modeling, Unreal Engine, Shaders, C#"
Game Developer,"C++, Unity, Shaders, Unreal Engine, C#"
Game Developer,"C++, Unreal Engine, Unity, Shaders, Game Physics"
Game Developer,"Shaders, Unreal Engine, 3D Modeling, C++, Game Physics"
Game Developer,"Shaders, C++, C#, Unity, Unreal Engine"
Game Developer,"C++, Unity, C#, 3D Modeling, Shaders"
Game Developer,"Unity, Unreal Engine, 3D Modeling, C#, Shaders"
Game Developer,"3D Modeling, C#, Game Physics, Unreal Engine, C++"
Game Developer,"Shaders, 3D Modeling, C++, C#, Game Physics"
Mobile App Developer,"Android, Swift, Kotlin, iOS, Flutter"
Mobile App Developer,"React Native, Flutter, Kotlin, iOS, Swift"
Mobile App Developer,"iOS, React Native, Android, Swift, Flutter"
Mobile App Developer,"Android, Kotlin, React Native, Swift, Flutter"
Mobile App Developer,"iOS, Swift, Flutter, Kotlin, React Native"
Mobile App Developer,"React Native, Kotlin, Flutter, Swift, iOS"
Mobile App Developer,"iOS, Flutter, Swift, React Native, Android"
Mobile App Developer,"Kotlin, React Native, Flutter, Android, Swift"
Mobile App Developer,"Flutter, Android, Kotlin, iOS, React Native"
Mobile App Developer,"Kotlin, React Native, Flutter, Swift, iOS"
Mobile App Developer,"Android, React Native, Flutter, Kotlin, Swift"
Mobile App Developer,"Swift, Flutter, Android, iOS, React Native"
Mobile App Developer,"Flutter, React Native, iOS, Swift, Kotlin"
Mobile App Developer,"Swift, React Native, iOS, Flutter, Android"
Mobile App Developer,"Android, React Native, Kotlin, iOS, Flutter"
Mobile App Developer,"React Native, Swift, Kotlin, Flutter, iOS"
Mobile App Developer,"React Native, Flutter, Swift, Android, Kotlin"
Mobile App Developer,"Android, React Native, Flutter, Swift, Kotlin"
Mobile App Developer,"Android, iOS, Flutter, React Native, Swift"
Mobile App Developer,"Flutter, iOS, Android, Kotlin, React Native"
Database Administrator,"PostgreSQL, SQL, MongoDB, MySQL, Database Optimization"
Database Administrator,"MySQL, MongoDB, Database Optimization, SQL, PostgreSQL"
Database Administrator,"PostgreSQL, MySQL, MongoDB, Database Optimization, SQL"
Database Administrator,"SQL, MongoDB, MySQL, PostgreSQL, Database Optimization"
Database Administrator,"MySQL, PostgreSQL, SQL, Database Optimization, MongoDB"
Database Administrator,"MongoDB, MySQL, Database Optimization, SQL, PostgreSQL"
Database Administrator,"SQL, MySQL, PostgreSQL, Database Optimization, MongoDB"
Database Administrator,"MongoDB, SQL, MySQL, PostgreSQL, Database Optimization"
Database Administrator,"Database Optimization, PostgreSQL, SQL, MongoDB, MySQL"
Database Administrator,"Database Optimization, MongoDB, SQL, MySQL, PostgreSQL"
Database Administrator,"PostgreSQL, Database Optimization, MySQL, MongoDB, SQL"
Database Administrator,"PostgreSQL, Database Optimization, SQL, MySQL, MongoDB"
Database Administrator,"MySQL, MongoDB, SQL, Database Optimization, PostgreSQL"
Database Administrator,"MySQL, MongoDB, PostgreSQL, SQL, Database Optimization"
Database Administrator,"PostgreSQL, MySQL, SQL, MongoDB, Database Optimization"
Business Analyst,"Business Intelligence, SQL, Data Analysis, Power BI, Tableau"
Business Analyst,"SQL, Business Intelligence, Data Analysis, Tableau, Power BI"
Business Analyst,"Power BI, Data Analysis, SQL, Business Intelligence, Tableau"
Business Analyst,"Power BI, Business Intelligence, Data Analysis, Tableau, SQL"
Business Analyst,"Power BI, Tableau, SQL, Data Analysis, Business Intelligence"
Business Analyst,"Power BI, Data Analysis, SQL, Tableau, Business Intelligence"
Business Analyst,"Data Analysis, Power BI, Tableau, Business Intelligence, SQL"
Business Analyst,"Data Analysis, SQL, Tableau, Power BI, Business Intelligence"
Business Analyst,"Data Analysis, Tableau, Business Intelligence, Power BI, SQL"
Business Analyst,"Power BI, Tableau, Business Intelligence, SQL, Data Analysis"
Business Analyst,"Business Intelligence, Power BI, Tableau, SQL, Data Analysis"
Business Analyst,"SQL, Business Intelligence, Tableau, Power BI, Data Analysis"
Business Analyst,"Data Analysis, Power BI, Business Intelligence, Tableau, SQL"
Business Analyst,"Data Analysis, SQL, Business Intelligence, Power BI, Tableau"
Business Analyst,"SQL, Business Intelligence, Tableau, Data Analysis, Power BI"
Data Engineer,"Hadoop, Data Warehousing, Big Data, ETL, Airflow"
Data Engineer,"Hadoop, Spark, ETL, Big Data, Data Warehousing"
Data Engineer,"Data Warehousing, ETL, Spark, Big Data, Hadoop"
Data Engineer,"Data Warehousing, Hadoop, Airflow, Spark, ETL"
Data Engineer,"ETL, Hadoop, Airflow, Data Warehousing, Big Data"
Data Engineer,"Airflow, ETL, Data Warehousing, Big Data, Hadoop"
Data Engineer,"Airflow, Spark, Data Warehousing, Big Data, Hadoop"
Data Engineer,"Spark, Data Warehousing, ETL, Hadoop, Airflow"
Data Engineer,"Big Data, Airflow, ETL, Spark, Data Warehousing"
Data Engineer,"Spark, Big Data, Airflow, Data Warehousing, ETL"
Data Engineer,"Airflow, Big Data, Hadoop, Data Warehousing, Spark"
Data Engineer,"Big Data, Airflow, Spark, Hadoop, Data Warehousing"
Data Engineer,"ETL, Spark, Big Data, Airflow, Data Warehousing"
Data Engineer,"Data Warehousing, Spark, Big Data, Hadoop, ETL"
Data Engineer,"Data Warehousing, Hadoop, ETL, Big Data, Airflow"
Data Engineer,"Spark, Big Data, Airflow, Hadoop, Data Warehousing"
Data Engineer,"Big Data, Airflow, Spark, Data Warehousing, Hadoop"
Software Architect,"Cloud Architecture, API Design, Microservices, System Design, Scalability"
Software Architect,"Cloud Architecture, System Design, Scalability, Microservices, API Design"
Software Architect,"Cloud Architecture, Scalability, Microservices, System Design, API Design"
Software Architect,"Microservices, Cloud Architecture, API Design, System Design, Scalability"
Software Architect,"Cloud Architecture, Microservices, Scalability, API Design, System Design"
Software Architect,"Scalability, System Design, API Design, Cloud Architecture, Microservices"
Software Architect,"API Design, System Design, Scalability, Microservices, Cloud Architecture"
Software Architect,"System Design, Cloud Architecture, Microservices, Scalability, API Design"
Software Architect,"Scalability, System Design, Cloud Architecture, API Design, Microservices"
Software Architect,"Scalability, System Design, Microservices, Cloud Architecture, API Design"
Software Architect,"Scalability, System Design, API Design, Cloud Architecture, Microservices"
Software Architect,"Scalability, API Design, Microservices, Cloud Architecture, System Design"
Software Architect,"Scalability, Cloud Architecture, System Design, Microservices, API Design"
Software Architect,"Microservices, Scalability, System Design, API Design, Cloud Architecture"
Software Architect,"Cloud Architecture, API Design, Microservices, Scalability, System Design"
System Administrator,"Windows Server, Active Directory, Linux, Bash Scripting, Networking"
System Administrator,"Bash Scripting, Linux, Active Directory, Windows Server, Networking"
System Administrator,"Active Directory, Networking, Linux, Bash Scripting, Windows Server"
System Administrator,"Bash Scripting, Linux, Active Directory, Windows Server, Networking"
System Administrator,"Windows Server, Active Directory, Linux, Bash Scripting, Networking"
System Administrator,"Active Directory, Windows Server, Bash Scripting, Networking, Linux"
System Administrator,"Active Directory, Bash Scripting, Linux, Windows Server, Networking"
System Administrator,"Networking, Windows Server, Active Directory, Linux, Bash Scripting"
System Administrator,"Bash Scripting, Networking, Active Directory, Linux, Windows Server"
System Administrator,"Active Directory, Windows Server, Bash Scripting, Linux, Networking"
System Administrator,"Windows Server, Bash Scripting, Active Directory, Linux, Networking"
System Administrator,"Linux, Bash Scripting, Networking, Windows Server, Active Directory"
System Administrator,"Active Directory, Windows Server, Linux, Networking, Bash Scripting"
System Administrator,"Networking, Linux, Active Directory, Windows Server, Bash Scripting"
System Administrator,"Linux, Windows Server, Active Directory, Bash Scripting, Networking"
System Administrator,"Networking, Bash Scripting, Linux, Windows Server, Active Directory"
System Administrator,"Active Directory, Networking, Bash Scripting, Linux, Windows Server"
System Administrator,"Active Directory, Networking, Bash Scripting, Windows Server, Linux"
System Administrator,"Windows Server, Bash Scripting, Networking, Linux, Active Directory"
System Administrator,"Windows Server, Linux, Networking, Bash Scripting, Active Directory"
QA Engineer,"Performance Testing, Manual Testing, Selenium, Test Automation, JUnit"
QA Engineer,"JUnit, Selenium, Manual Testing, Performance Testing, Test Automation"
QA Engineer,"Test Automation, Performance Testing, Selenium, JUnit, Manual Testing"
QA Engineer,"Selenium, JUnit, Performance Testing, Test Automation, Manual Testing"
QA Engineer,"Manual Testing, Selenium, JUnit, Performance Testing, Test Automation"
QA Engineer,"Selenium, Test Automation, Performance Testing, Manual Testing, JUnit"
QA Engineer,"Performance Testing, Selenium, JUnit, Manual Testing, Test Automation"
QA Engineer,"Test Automation, Performance Testing, Selenium, Manual Testing, JUnit"
QA Engineer,"Manual Testing, JUnit, Performance Testing, Selenium, Test Automation"
QA Engineer,"Manual Testing, Test Automation, Selenium, Performance Testing, JUnit"
QA Engineer,"Performance Testing, Manual Testing, Test Automation, JUnit, Selenium"
QA Engineer,"Performance Testing, Selenium, JUnit, Test Automation, Manual Testing"
QA Engineer,"JUnit, Manual Testing, Performance Testing, Selenium, Test Automation"
QA Engineer,"Test Automation, Performance Testing, Manual Testing, Selenium, JUnit"
QA Engineer,"Selenium, JUnit, Test Automation, Performance Testing, Manual Testing"
QA Engineer,"Selenium, JUnit, Manual Testing, Performance Testing, Test Automation"
Product Manager,"JIRA, Agile, Business Strategy, Scrum, Market Research"
Product Manager,"Agile, Scrum, Business Strategy, JIRA, Market Research"
Product Manager,"JIRA, Agile, Scrum, Market Research, Business Strategy"
Product Manager,"Scrum, Agile, Business Strategy, Market Research, JIRA"
Product Manager,"Business Strategy, JIRA, Agile, Market Research, Scrum"
Product Manager,"Business Strategy, JIRA, Agile, Scrum, Market Research"
Product Manager,"JIRA, Scrum, Agile, Business Strategy, Market Research"
Product Manager,"JIRA, Market Research, Business Strategy, Agile, Scrum"
Product Manager,"Agile, JIRA, Market Research, Scrum, Business Strategy"
Product Manager,"JIRA, Market Research, Business Strategy, Agile, Scrum"
Product Manager,"Business Strategy, JIRA, Scrum, Market Research, Agile"
Product Manager,"JIRA, Scrum, Agile, Business Strategy, Market Research"
Product Manager,"Business Strategy, Scrum, Agile, Market Research, JIRA"
Product Manager,"Agile, Market Research, JIRA, Business Strategy, Scrum"
Product Manager,"Business Strategy, Market Research, Agile, Scrum, JIRA"
Product Manager,"Scrum, Business Strategy, JIRA, Market Research, Agile"
Product Manager,"Market Research, Scrum, Business Strategy, JIRA, Agile"
Product Manager,"Market Research, JIRA, Business Strategy, Scrum, Agile"
Product Manager,"Market Research, Scrum, Business Strategy, Agile, JIRA"
Product Manager,"Business Strategy, Scrum, JIRA, Market Research, Agile"
Graphic Designer,"Adobe XD, Motion Graphics, Figma, UI/UX, InDesign"
Graphic Designer,"Branding, Motion Graphics, Illustrator, InDesign, HTML"
Graphic Designer,"HTML, CSS, Photoshop, Illustrator, Adobe XD"
Graphic Designer,"Adobe XD, Canva, UI/UX, Branding, HTML"
Graphic Designer,"Illustrator, HTML, Motion Graphics, Canva, Figma"
Graphic Designer,"HTML, CSS, Branding, Illustrator, Figma"
Graphic Designer,"UI/UX, Illustrator, CSS, InDesign, Figma"
Graphic Designer,"CSS, Branding, Canva, Motion Graphics, InDesign"
Graphic Designer,"InDesign, Canva, HTML, Adobe XD, UI/UX"
Graphic Designer,"HTML, CSS, Motion Graphics, Photoshop, InDesign"
Graphic Designer,"Figma, HTML, Canva, Illustrator, Branding"
Graphic Designer,"Motion Graphics, Canva, HTML, InDesign, Figma"
Graphic Designer,"UI/UX, HTML, Illustrator, Figma, Motion Graphics"
Graphic Designer,"Illustrator, Photoshop, CSS, Figma, Branding"
Graphic Designer,"Figma, HTML, UI/UX, Illustrator, Photoshop"
Graphic Designer,"UI/UX, CSS, Figma, InDesign, Adobe XD"
Graphic Designer,"InDesign, UI/UX, Branding, HTML, Illustrator"
Graphic Designer,"Adobe XD, Motion Graphics, UI/UX, Branding, Canva"
Graphic Designer,"Motion Graphics, Adobe XD, HTML, CSS, InDesign"
UI/UX Designer,"User Research, Prototyping, Interaction Design, Adobe XD, Wireframing"
UI/UX Designer,"User Research, Figma, Wireframing, Prototyping, Adobe XD"
UI/UX Designer,"User Research, Interaction Design, Prototyping, Adobe XD, Figma"
UI/UX Designer,"Figma, User Research, Wireframing, Interaction Design, Adobe XD"
UI/UX Designer,"Adobe XD, User Research, Prototyping, Interaction Design, Figma"
UI/UX Designer,"Adobe XD, Interaction Design, Figma, User Research, Prototyping"
UI/UX Designer,"Interaction Design, Figma, Prototyping, Wireframing, Adobe XD"
UI/UX Designer,"Interaction Design, Wireframing, Prototyping, Figma, User Research"
UI/UX Designer,"Adobe XD, Figma, User Research, Interaction Design, Prototyping"
UI/UX Designer,"Interaction Design, Wireframing, User Research, Prototyping, Figma"
UI/UX Designer,"Figma, Interaction Design, Adobe XD, User Research, Wireframing"
UI/UX Designer,"Prototyping, Interaction Design, Adobe XD, User Research, Figma"
UI/UX Designer,"User Research, Interaction Design, Adobe XD, Prototyping, Figma"
UI/UX Designer,"User Research, Figma, Interaction Design, Adobe XD, Prototyping"
UI/UX Designer,"Interaction Design, Prototyping, Wireframing, Figma, User Research"
UI/UX Designer,"Interaction Design, Adobe XD, Wireframing, Figma, User Research"
UI/UX Designer,"Interaction Design, Figma, Adobe XD, Wireframing, Prototyping"
UI/UX Designer,"User Research, Wireframing, Adobe XD, Interaction Design, Prototyping"
UI/UX Designer,"Prototyping, Wireframing, Adobe XD, Interaction Design, User Research"
UI/UX Designer,"Adobe XD, Interaction Design, Wireframing, Figma, User Research"
Motion Graphics Designer,"After Effects, Cinema 4D, Visual Effects, Blender, 3D Animation"
Motion Graphics Designer,"3D Animation, Cinema 4D, Blender, Visual Effects, After Effects"
Motion Graphics Designer,"Cinema 4D, Visual Effects, 3D Animation, After Effects, Blender"
Motion Graphics Designer,"After Effects, Cinema 4D, Blender, Visual Effects, 3D Animation"
Motion Graphics Designer,"Blender, 3D Animation, Cinema 4D, Visual Effects, After Effects"
Motion Graphics Designer,"Cinema 4D, 3D Animation, After Effects, Visual Effects, Blender"
Motion Graphics Designer,"Visual Effects, Cinema 4D, 3D Animation, Blender, After Effects"
Motion Graphics Designer,"Cinema 4D, Visual Effects, After Effects, 3D Animation, Blender"
Motion Graphics Designer,"3D Animation, Cinema 4D, Visual Effects, Blender, After Effects"
Motion Graphics Designer,"After Effects, 3D Animation, Blender, Cinema 4D, Visual Effects"
Motion Graphics Designer,"Visual Effects, Blender, Cinema 4D, 3D Animation, After Effects"
Motion Graphics Designer,"After Effects, Blender, Cinema 4D, Visual Effects, 3D Animation"
Motion Graphics Designer,"Blender, Cinema 4D, Visual Effects, 3D Animation, After Effects"
Motion Graphics Designer,"Blender, Visual Effects, After Effects, Cinema 4D, 3D Animation"
Motion Graphics Designer,"After Effects, 3D Animation, Cinema 4D, Blender, Visual Effects"
Motion Graphics Designer,"After Effects, Cinema 4D, 3D Animation, Visual Effects, Blender"
Motion Graphics Designer,"Blender, Cinema 4D, After Effects, 3D Animation, Visual Effects"
Motion Graphics Designer,"Blender, Visual Effects, After Effects, 3D Animation, Cinema 4D"
Motion Graphics Designer,"3D Animation, After Effects, Cinema 4D, Blender, Visual Effects"
Motion Graphics Designer,"Cinema 4D, After Effects, Blender, 3D Animation, Visual Effects"
SEO Specialist,"Keyword Research, Google Analytics, Off-page SEO, On-page SEO, Content Strategy"
SEO Specialist,"Off-page SEO, Content Strategy, Keyword Research, On-page SEO, Google Analytics"
SEO Specialist,"Google Analytics, Off-page SEO, Content Strategy, Keyword Research, On-page SEO"
SEO Specialist,"Off-page SEO, On-page SEO, Content Strategy, Keyword Research, Google Analytics"
SEO Specialist,"Content Strategy, Keyword Research, On-page SEO, Off-page SEO, Google Analytics"
SEO Specialist,"Off-page SEO, On-page SEO, Google Analytics, Keyword Research, Content Strategy"
SEO Specialist,"Keyword Research, Google Analytics, On-page SEO, Content Strategy, Off-page SEO"
SEO Specialist,"Off-page SEO, Content Strategy, Keyword Research, On-page SEO, Google Analytics"
SEO Specialist,"Content Strategy, Keyword Research, Google Analytics, Off-page SEO, On-page SEO"
SEO Specialist,"Keyword Research, Content Strategy, On-page SEO, Google Analytics, Off-page SEO"
SEO Specialist,"Google Analytics, Off-page SEO, Keyword Research, Content Strategy, On-page SEO"
SEO Specialist,"Keyword Research, Off-page SEO, Content Strategy, On-page SEO, Google Analytics"
SEO Specialist,"Off-page SEO, Content Strategy, Google Analytics, Keyword Research, On-page SEO"
SEO Specialist,"Keyword Research, Content Strategy, On-page SEO, Google Analytics, Off-page SEO"
SEO Specialist,"Content Strategy, On-page SEO, Keyword Research, Google Analytics, Off-page SEO"
Digital Marketing Manager,"SEO, Email Marketing, Google Ads, Content Marketing, Social Media Marketing"
Digital Marketing Manager,"Content Marketing, Google Ads, SEO, Email Marketing, Social Media Marketing"
Digital Marketing Manager,"Google Ads, Email Marketing, SEO, Social Media Marketing, Content Marketing"
Digital Marketing Manager,"SEO, Google Ads, Content Marketing, Email Marketing, Social Media Marketing"
Digital Marketing Manager,"Content Marketing, Email Marketing, SEO, Social Media Marketing, Google Ads"
Digital Marketing Manager,"Content Marketing, Social Media Marketing, Google Ads, Email Marketing, SEO"
Digital Marketing Manager,"SEO, Email Marketing, Social Media Marketing, Google Ads, Content Marketing"
Digital Marketing Manager,"Email Marketing, Google Ads, Social Media Marketing, Content Marketing, SEO"
Digital Marketing Manager,"Email Marketing, SEO, Content Marketing, Social Media Marketing, Google Ads"
Digital Marketing Manager,"Content Marketing, SEO, Google Ads, Social Media Marketing, Email Marketing"
Digital Marketing Manager,"Google Ads, Email Marketing, SEO, Social Media Marketing, Content Marketing"
Digital Marketing Manager,"Google Ads, Email Marketing, Social Media Marketing, SEO, Content Marketing"
Digital Marketing Manager,"Content Marketing, Google Ads, Email Marketing, Social Media Marketing, SEO"
Digital Marketing Manager,"Content Marketing, Social Media Marketing, Google Ads, Email Marketing, SEO"
Digital Marketing Manager,"Social Media Marketing, Google Ads, Content Marketing, SEO, Email Marketing"
Digital Marketing Manager,"Content Marketing, Google Ads, SEO, Social Media Marketing, Email Marketing"
Digital Marketing Manager,"Content Marketing, Social Media Marketing, Google Ads, Email Marketing, SEO"
Digital Marketing Manager,"Social Media Marketing, Email Marketing, SEO, Google Ads, Content Marketing"
Digital Marketing Manager,"Email Marketing, Google Ads, Social Media Marketing, Content Marketing, SEO"
Network Engineer,"TCP/IP, Switching, Networking, LAN/WAN, Routing"
Network Engineer,"TCP/IP, Firewall, Routing, Cisco, Networking"
Network Engineer,"Cisco, Networking, Routing, Firewall, Switching"
Network Engineer,"Routing, Networking, Cisco, LAN/WAN, TCP/IP"
Network Engineer,"Cisco, TCP/IP, Routing, Switching, LAN/WAN"
Network Engineer,"TCP/IP, Cisco, LAN/WAN, Networking, Switching"
Network Engineer,"Networking, LAN/WAN, TCP/IP, Cisco, Firewall"
Network Engineer,"LAN/WAN, Firewall, Routing, Networking, TCP/IP"
Network Engineer,"Switching, Routing, Cisco, Firewall, Networking"
Network Engineer,"Networking, LAN/WAN, Switching, Cisco, Firewall"
Network Engineer,"Cisco, LAN/WAN, Networking, Firewall, Switching"
Network Engineer,"Routing, Switching, Networking, Firewall, LAN/WAN"
Network Engineer,"TCP/IP, Networking, LAN/WAN, Routing, Firewall"
Network Engineer,"Firewall, Networking, Routing, TCP/IP, Switching"
Network Engineer,"Cisco, Networking, LAN/WAN, Routing, TCP/IP"
Network Engineer,"Cisco, Switching, Routing, TCP/IP, LAN/WAN"
Site Reliability Engineer (SRE),"Monitoring, Kubernetes, CI/CD, Incident Management, DevOps"
Site Reliability Engineer (SRE),"CI/CD, Incident Management, Kubernetes, Monitoring, DevOps"
Site Reliability Engineer (SRE),"DevOps, CI/CD, Incident Management, Monitoring, Kubernetes"
Site Reliability Engineer (SRE),"DevOps, Monitoring, Kubernetes, CI/CD, Incident Management"
Site Reliability Engineer (SRE),"Incident Management, DevOps, Monitoring, Kubernetes, CI/CD"
Site Reliability Engineer (SRE),"Kubernetes, Monitoring, DevOps, CI/CD, Incident Management"
Site Reliability Engineer (SRE),"CI/CD, Monitoring, Kubernetes, Incident Management, DevOps"
Site Reliability Engineer (SRE),"Incident Management, Monitoring, CI/CD, Kubernetes, DevOps"
Site Reliability Engineer (SRE),"Incident Management, Kubernetes, CI/CD, DevOps, Monitoring"
Site Reliability Engineer (SRE),"Incident Management, Monitoring, DevOps, CI/CD, Kubernetes"
Site Reliability Engineer (SRE),"Monitoring, CI/CD, Incident Management, Kubernetes, DevOps"
Site Reliability Engineer (SRE),"CI/CD, Kubernetes, DevOps, Incident Management, Monitoring"
Site Reliability Engineer (SRE),"DevOps, Monitoring, Incident Management, CI/CD, Kubernetes"
Site Reliability Engineer (SRE),"CI/CD, Monitoring, Incident Management, Kubernetes, DevOps"
Site Reliability Engineer (SRE),"CI/CD, DevOps, Incident Management, Kubernetes, Monitoring"
Site Reliability Engineer (SRE),"CI/CD, Kubernetes, Monitoring, DevOps, Incident Management"
Site Reliability Engineer (SRE),"DevOps, Incident Management, Monitoring, CI/CD, Kubernetes"
Site Reliability Engineer (SRE),"Incident Management, Monitoring, DevOps, CI/CD, Kubernetes"
IT Support Specialist,"Linux, Networking, Windows, Help Desk, Troubleshooting"
IT Support Specialist,"Networking, Windows, Linux, Help Desk, Troubleshooting"
IT Support Specialist,"Windows, Linux, Troubleshooting, Networking, Help Desk"
IT Support Specialist,"Windows, Networking, Help Desk, Troubleshooting, Linux"
IT Support Specialist,"Troubleshooting, Networking, Help Desk, Windows, Linux"
IT Support Specialist,"Windows, Help Desk, Linux, Networking, Troubleshooting"
IT Support Specialist,"Linux, Windows, Networking, Troubleshooting, Help Desk"
IT Support Specialist,"Windows, Troubleshooting, Networking, Linux, Help Desk"
IT Support Specialist,"Linux, Networking, Troubleshooting, Help Desk, Windows"
IT Support Specialist,"Help Desk, Windows, Troubleshooting, Linux, Networking"
IT Support Specialist,"Help Desk, Windows, Troubleshooting, Linux, Networking"
IT Support Specialist,"Linux, Networking, Troubleshooting, Help Desk, Windows"
IT Support Specialist,"Networking, Troubleshooting, Help Desk, Windows, Linux"
IT Support Specialist,"Linux, Windows, Networking, Help Desk, Troubleshooting"
IT Support Specialist,"Windows, Troubleshooting, Help Desk, Linux, Networking"
IT Support Specialist,"Linux, Networking, Troubleshooting, Help Desk, Windows"
Test Automation Engineer,"JUnit, Performance Testing, Automation Scripts, TestNG, Selenium"
Test Automation Engineer,"Performance Testing, Selenium, Automation Scripts, JUnit, TestNG"
Test Automation Engineer,"TestNG, Selenium, JUnit, Performance Testing, Automation Scripts"
Test Automation Engineer,"Automation Scripts, TestNG, JUnit, Selenium, Performance Testing"
Test Automation Engineer,"TestNG, Performance Testing, Automation Scripts, Selenium, JUnit"
Test Automation Engineer,"Selenium, TestNG, Automation Scripts, JUnit, Performance Testing"
Test Automation Engineer,"JUnit, Automation Scripts, TestNG, Selenium, Performance Testing"
Test Automation Engineer,"Performance Testing, TestNG, Automation Scripts, Selenium, JUnit"
Test Automation Engineer,"Performance Testing, JUnit, TestNG, Selenium, Automation Scripts"
Test Automation Engineer,"Performance Testing, TestNG, JUnit, Selenium, Automation Scripts"
Test Automation Engineer,"Performance Testing, TestNG, Selenium, Automation Scripts, JUnit"
Test Automation Engineer,"JUnit, Performance Testing, Selenium, TestNG, Automation Scripts"
Test Automation Engineer,"Automation Scripts, Selenium, Performance Testing, TestNG, JUnit"
Test Automation Engineer,"TestNG, Performance Testing, Automation Scripts, Selenium, JUnit"
Test Automation Engineer,"Automation Scripts, JUnit, Selenium, Performance Testing, TestNG"
Test Automation Engineer,"TestNG, Automation Scripts, Performance Testing, JUnit, Selenium"
Test Automation Engineer,"TestNG, Performance Testing, Automation Scripts, Selenium, JUnit"
Test Automation Engineer,"Automation Scripts, JUnit, Performance Testing, TestNG, Selenium"
Test Automation Engineer,"Automation Scripts, Performance Testing, TestNG, JUnit, Selenium"
Project Manager,"Budgeting, JIRA, Agile, Stakeholder Management, Scrum"
Project Manager,"Scrum, Budgeting, Stakeholder Management, JIRA, Agile"
Project Manager,"Stakeholder Management, Scrum, Agile, JIRA, Budgeting"
Project Manager,"Budgeting, Stakeholder Management, JIRA, Scrum, Agile"
Project Manager,"Stakeholder Management, Agile, Budgeting, Scrum, JIRA"
Project Manager,"Scrum, JIRA, Stakeholder Management, Budgeting, Agile"
Project Manager,"Budgeting, Scrum, JIRA, Agile, Stakeholder Management"
Project Manager,"Scrum, Stakeholder Management, JIRA, Agile, Budgeting"
Project Manager,"Budgeting, Scrum, JIRA, Agile, Stakeholder Management"
Project Manager,"Scrum, JIRA, Stakeholder Management, Budgeting, Agile"
Project Manager,"Stakeholder Management, Agile, Scrum, JIRA, Budgeting"
Project Manager,"Stakeholder Management, JIRA, Scrum, Budgeting, Agile"
Project Manager,"Stakeholder Management, Agile, JIRA, Scrum, Budgeting"
Project Manager,"Stakeholder Management, Agile, JIRA, Scrum, Budgeting"
Project Manager,"Scrum, JIRA, Agile, Stakeholder Management, Budgeting"
Project Manager,"Scrum, Stakeholder Management, Budgeting, JIRA, Agile"
IT Business Consultant,"IT Strategy, IT Governance, Enterprise Architecture, Business Process"
IT Business Consultant,"IT Strategy, Business Process, Enterprise Architecture, IT Governance"
IT Business Consultant,"IT Strategy, IT Governance, Enterprise Architecture, Business Process"
IT Business Consultant,"Enterprise Architecture, IT Governance, IT Strategy, Business Process"
IT Business Consultant,"Enterprise Architecture, IT Strategy, Business Process, IT Governance"
IT Business Consultant,"IT Governance, Enterprise Architecture, IT Strategy, Business Process"
IT Business Consultant,"IT Governance, IT Strategy, Enterprise Architecture, Business Process"
IT Business Consultant,"IT Strategy, IT Governance, Enterprise Architecture, Business Process"
IT Business Consultant,"IT Strategy, Enterprise Architecture, IT Governance, Business Process"
IT Business Consultant,"Business Process, IT Governance, Enterprise Architecture, IT Strategy"
IT Business Consultant,"Enterprise Architecture, IT Governance, Business Process, IT Strategy"
IT Business Consultant,"Enterprise Architecture, IT Strategy, IT Governance, Business Process"
IT Business Consultant,"Enterprise Architecture, Business Process, IT Governance, IT Strategy"
IT Business Consultant,"IT Strategy, Business Process, Enterprise Architecture, IT Governance"
IT Business Consultant,"IT Strategy, Business Process, IT Governance, Enterprise Architecture"
IT Business Consultant,"Enterprise Architecture, IT Strategy, Business Process, IT Governance"
Scrum Master,"Agile Coaching, JIRA, Sprint Planning, Scrum"
Scrum Master,"Agile Coaching, Scrum, Sprint Planning, JIRA"
Scrum Master,"Agile Coaching, Scrum, JIRA, Sprint Planning"
Scrum Master,"Scrum, Agile Coaching, Sprint Planning, JIRA"
Scrum Master,"Agile Coaching, JIRA, Sprint Planning, Scrum"
Scrum Master,"JIRA, Agile Coaching, Sprint Planning, Scrum"
Scrum Master,"Sprint Planning, JIRA, Agile Coaching, Scrum"
Scrum Master,"Sprint Planning, Agile Coaching, JIRA, Scrum"
Scrum Master,"Agile Coaching, JIRA, Scrum, Sprint Planning"
Scrum Master,"Sprint Planning, Agile Coaching, JIRA, Scrum"
Scrum Master,"Sprint Planning, JIRA, Scrum, Agile Coaching"
Scrum Master,"Scrum, Agile Coaching, Sprint Planning, JIRA"
Scrum Master,"Sprint Planning, Scrum, Agile Coaching, JIRA"
Scrum Master,"Sprint Planning, Agile Coaching, Scrum, JIRA"
Scrum Master,"JIRA, Sprint Planning, Scrum, Agile Coaching"
Scrum Master,"Sprint Planning, Agile Coaching, Scrum, JIRA"
Scrum Master,"Scrum, JIRA, Agile Coaching, Sprint Planning"
Scrum Master,"JIRA, Sprint Planning, Agile Coaching, Scrum"
Agile Coach,"Scrum, Agile, Kanban, Lean Methodology"
Agile Coach,"Agile, Lean Methodology, Kanban, Scrum"
Agile Coach,"Scrum, Lean Methodology, Kanban, Agile"
Agile Coach,"Kanban, Agile, Scrum, Lean Methodology"
Agile Coach,"Agile, Kanban, Lean Methodology, Scrum"
Agile Coach,"Lean Methodology, Kanban, Agile, Scrum"
Agile Coach,"Agile, Lean Methodology, Kanban, Scrum"
Agile Coach,"Agile, Kanban, Scrum, Lean Methodology"
Agile Coach,"Kanban, Lean Methodology, Scrum, Agile"
Agile Coach,"Agile, Lean Methodology, Scrum, Kanban"
Agile Coach,"Kanban, Agile, Lean Methodology, Scrum"
Agile Coach,"Lean Methodology, Kanban, Agile, Scrum"
Agile Coach,"Kanban, Agile, Scrum, Lean Methodology"
Agile Coach,"Lean Methodology, Scrum, Agile, Kanban"
Agile Coach,"Lean Methodology, Scrum, Agile, Kanban"
Agile Coach,"Scrum, Agile, Lean Methodology, Kanban"
Agile Coach,"Lean Methodology, Agile, Kanban, Scrum"
Growth Hacker,"Digital Marketing, SEO, Conversion Optimization, A/B Testing"
Growth Hacker,"SEO, A/B Testing, Conversion Optimization, Digital Marketing"
Growth Hacker,"Conversion Optimization, A/B Testing, SEO, Digital Marketing"
Growth Hacker,"Conversion Optimization, SEO, Digital Marketing, A/B Testing"
Growth Hacker,"Conversion Optimization, SEO, Digital Marketing, A/B Testing"
Growth Hacker,"Conversion Optimization, A/B Testing, Digital Marketing, SEO"
Growth Hacker,"Digital Marketing, SEO, Conversion Optimization, A/B Testing"
Growth Hacker,"Conversion Optimization, SEO, Digital Marketing, A/B Testing"
Growth Hacker,"SEO, A/B Testing, Conversion Optimization, Digital Marketing"
Growth Hacker,"Conversion Optimization, Digital Marketing, A/B Testing, SEO"
Growth Hacker,"Digital Marketing, SEO, A/B Testing, Conversion Optimization"
Growth Hacker,"A/B Testing, Conversion Optimization, Digital Marketing, SEO"
Growth Hacker,"A/B Testing, Conversion Optimization, Digital Marketing, SEO"
Growth Hacker,"Conversion Optimization, Digital Marketing, SEO, A/B Testing"
Growth Hacker,"SEO, A/B Testing, Conversion Optimization, Digital Marketing"
Growth Hacker,"A/B Testing, Digital Marketing, Conversion Optimization, SEO"
Growth Hacker,"Conversion Optimization, Digital Marketing, SEO, A/B Testing"
Digital Transformation Consultant,"Cloud Migration, AI Adoption, Process Automation"
Digital Transformation Consultant,"Process Automation, AI Adoption, Cloud Migration"
Digital Transformation Consultant,"Cloud Migration, Process Automation, AI Adoption"
Digital Transformation Consultant,"Cloud Migration, Process Automation, AI Adoption"
Digital Transformation Consultant,"AI Adoption, Cloud Migration, Process Automation"
Digital Transformation Consultant,"Cloud Migration, Process Automation, AI Adoption"
Digital Transformation Consultant,"Process Automation, Cloud Migration, AI Adoption"
Digital Transformation Consultant,"AI Adoption, Cloud Migration, Process Automation"
Digital Transformation Consultant,"Cloud Migration, AI Adoption, Process Automation"
Digital Transformation Consultant,"Process Automation, AI Adoption, Cloud Migration"
Digital Transformation Consultant,"Process Automation, Cloud Migration, AI Adoption"
Digital Transformation Consultant,"Cloud Migration, AI Adoption, Process Automation"
Digital Transformation Consultant,"Cloud Migration, AI Adoption, Process Automation"
Digital Transformation Consultant,"Process Automation, AI Adoption, Cloud Migration"
Digital Transformation Consultant,"AI Adoption, Process Automation, Cloud Migration"
Digital Transformation Consultant,"AI Adoption, Process Automation, Cloud Migration"
Digital Transformation Consultant,"Process Automation, Cloud Migration, AI Adoption"
Digital Transformation Consultant,"Process Automation, AI Adoption, Cloud Migration"
Digital Transformation Consultant,"Cloud Migration, Process Automation, AI Adoption"
Operations Manager,"Process Optimization, Logistics, Supply Chain"
Operations Manager,"Supply Chain, Logistics, Process Optimization"
Operations Manager,"Process Optimization, Logistics, Supply Chain"
Operations Manager,"Supply Chain, Logistics, Process Optimization"
Operations Manager,"Supply Chain, Process Optimization, Logistics"
Operations Manager,"Process Optimization, Logistics, Supply Chain"
Operations Manager,"Process Optimization, Logistics, Supply Chain"
Operations Manager,"Logistics, Supply Chain, Process Optimization"
Operations Manager,"Logistics, Process Optimization, Supply Chain"
Operations Manager,"Supply Chain, Process Optimization, Logistics"
Operations Manager,"Supply Chain, Logistics, Process Optimization"
Operations Manager,"Process Optimization, Supply Chain, Logistics"
Operations Manager,"Supply Chain, Process Optimization, Logistics"
Operations Manager,"Process Optimization, Supply Chain, Logistics"
Operations Manager,"Process Optimization, Logistics, Supply Chain"
Operations Manager,"Process Optimization, Logistics, Supply Chain"
Operations Manager,"Process Optimization, Logistics, Supply Chain"
Operations Manager,"Process Optimization, Logistics, Supply Chain"
Operations Manager,"Process Optimization, Logistics, Supply Chain"
Operations Manager,"Process Optimization, Logistics, Supply Chain"
Risk Analyst,"Risk Assessment, Fraud Detection, Financial Risk, Compliance"
Risk Analyst,"Compliance, Financial Risk, Fraud Detection, Risk Assessment"
Risk Analyst,"Compliance, Fraud Detection, Financial Risk, Risk Assessment"
Risk Analyst,"Risk Assessment, Compliance, Fraud Detection, Financial Risk"
Risk Analyst,"Risk Assessment, Compliance, Fraud Detection, Financial Risk"
Risk Analyst,"Risk Assessment, Financial Risk, Compliance, Fraud Detection"
Risk Analyst,"Compliance, Risk Assessment, Financial Risk, Fraud Detection"
Risk Analyst,"Compliance, Financial Risk, Fraud Detection, Risk Assessment"
Risk Analyst,"Compliance, Fraud Detection, Financial Risk, Risk Assessment"
Risk Analyst,"Financial Risk, Compliance, Risk Assessment, Fraud Detection"
Risk Analyst,"Financial Risk, Fraud Detection, Risk Assessment, Compliance"
Risk Analyst,"Risk Assessment, Compliance, Fraud Detection, Financial Risk"
Risk Analyst,"Financial Risk, Risk Assessment, Compliance, Fraud Detection"
Risk Analyst,"Fraud Detection, Financial Risk, Compliance, Risk Assessment"
Risk Analyst,"Fraud Detection, Risk Assessment, Compliance, Financial Risk"
Risk Analyst,"Compliance, Risk Assessment, Financial Risk, Fraud Detection"
Big Data Architect,"Hadoop, Spark, Cloud Storage, Data Lakes"
Big Data Architect,"Spark, Cloud Storage, Hadoop, Data Lakes"
Big Data Architect,"Cloud Storage, Hadoop, Spark, Data Lakes"
Big Data Architect,"Spark, Cloud Storage, Data Lakes, Hadoop"
Big Data Architect,"Cloud Storage, Hadoop, Data Lakes, Spark"
Big Data Architect,"Cloud Storage, Spark, Data Lakes, Hadoop"
Big Data Architect,"Data Lakes, Cloud Storage, Spark, Hadoop"
Big Data Architect,"Cloud Storage, Spark, Hadoop, Data Lakes"
Big Data Architect,"Hadoop, Data Lakes, Cloud Storage, Spark"
Big Data Architect,"Hadoop, Spark, Cloud Storage, Data Lakes"
Big Data Architect,"Cloud Storage, Hadoop, Spark, Data Lakes"
Big Data Architect,"Data Lakes, Hadoop, Cloud Storage, Spark"
Big Data Architect,"Cloud Storage, Spark, Data Lakes, Hadoop"
Big Data Architect,"Data Lakes, Cloud Storage, Spark, Hadoop"
Big Data Architect,"Spark, Cloud Storage, Data Lakes, Hadoop"
Big Data Architect,"Data Lakes, Cloud Storage, Spark, Hadoop"
Big Data Architect,"Spark, Data Lakes, Hadoop, Cloud Storage"
Business Intelligence (BI) Analyst,"Data Visualization, Tableau, SQL, Power BI"
Business Intelligence (BI) Analyst,"Data Visualization, Tableau, SQL, Power BI"
Business Intelligence (BI) Analyst,"Tableau, Power BI, Data Visualization, SQL"
Business Intelligence (BI) Analyst,"Data Visualization, Tableau, Power BI, SQL"
Business Intelligence (BI) Analyst,"Data Visualization, Power BI, SQL, Tableau"
Business Intelligence (BI) Analyst,"SQL, Tableau, Power BI, Data Visualization"
Business Intelligence (BI) Analyst,"Data Visualization, Tableau, Power BI, SQL"
Business Intelligence (BI) Analyst,"Tableau, Power BI, SQL, Data Visualization"
Business Intelligence (BI) Analyst,"Tableau, SQL, Power BI, Data Visualization"
Business Intelligence (BI) Analyst,"Power BI, SQL, Data Visualization, Tableau"
Business Intelligence (BI) Analyst,"Data Visualization, SQL, Power BI, Tableau"
Business Intelligence (BI) Analyst,"Tableau, Power BI, Data Visualization, SQL"
Business Intelligence (BI) Analyst,"SQL, Power BI, Tableau, Data Visualization"
Business Intelligence (BI) Analyst,"SQL, Data Visualization, Tableau, Power BI"
Business Intelligence (BI) Analyst,"SQL, Data Visualization, Power BI, Tableau"
Business Intelligence (BI) Analyst,"SQL, Data Visualization, Tableau, Power BI"
Business Intelligence (BI) Analyst,"SQL, Power BI, Data Visualization, Tableau"
Business Intelligence (BI) Analyst,"Data Visualization, Power BI, Tableau, SQL"
Business Intelligence (BI) Analyst,"Tableau, Data Visualization, SQL, Power BI"
Data Governance Specialist,"Data Security, Regulatory Compliance, Data Privacy"
Data Governance Specialist,"Data Privacy, Data Security, Regulatory Compliance"
Data Governance Specialist,"Data Privacy, Data Security, Regulatory Compliance"
Data Governance Specialist,"Data Security, Regulatory Compliance, Data Privacy"
Data Governance Specialist,"Data Security, Regulatory Compliance, Data Privacy"
Data Governance Specialist,"Data Privacy, Regulatory Compliance, Data Security"
Data Governance Specialist,"Data Privacy, Regulatory Compliance, Data Security"
Data Governance Specialist,"Data Privacy, Regulatory Compliance, Data Security"
Data Governance Specialist,"Data Privacy, Regulatory Compliance, Data Security"
Data Governance Specialist,"Data Privacy, Data Security, Regulatory Compliance"
Data Governance Specialist,"Data Security, Data Privacy, Regulatory Compliance"
Data Governance Specialist,"Regulatory Compliance, Data Privacy, Data Security"
Data Governance Specialist,"Data Privacy, Regulatory Compliance, Data Security"
Data Governance Specialist,"Data Security, Data Privacy, Regulatory Compliance"
Data Governance Specialist,"Data Security, Data Privacy, Regulatory Compliance"
Data Governance Specialist,"Data Security, Regulatory Compliance, Data Privacy"
Data Governance Specialist,"Data Privacy, Data Security, Regulatory Compliance"
Financial Analyst,"Excel, Valuation, Forecasting, Financial Modeling"
Financial Analyst,"Forecasting, Valuation, Excel, Financial Modeling"
Financial Analyst,"Valuation, Excel, Forecasting, Financial Modeling"
Financial Analyst,"Valuation, Forecasting, Excel, Financial Modeling"
Financial Analyst,"Excel, Financial Modeling, Forecasting, Valuation"
Financial Analyst,"Valuation, Excel, Forecasting, Financial Modeling"
Financial Analyst,"Valuation, Excel, Financial Modeling, Forecasting"
Financial Analyst,"Forecasting, Financial Modeling, Valuation, Excel"
Financial Analyst,"Financial Modeling, Valuation, Forecasting, Excel"
Financial Analyst,"Financial Modeling, Forecasting, Valuation, Excel"
Financial Analyst,"Financial Modeling, Valuation, Forecasting, Excel"
Financial Analyst,"Valuation, Excel, Financial Modeling, Forecasting"
Financial Analyst,"Financial Modeling, Forecasting, Excel, Valuation"
Financial Analyst,"Excel, Forecasting, Financial Modeling, Valuation"
Financial Analyst,"Financial Modeling, Excel, Valuation, Forecasting"
Financial Analyst,"Valuation, Forecasting, Financial Modeling, Excel"
Quantitative Analyst (Quant),"Mathematical Modeling, R, Financial Markets, Python"
Quantitative Analyst (Quant),"Python, Mathematical Modeling, R, Financial Markets"
Quantitative Analyst (Quant),"R, Mathematical Modeling, Financial Markets, Python"
Quantitative Analyst (Quant),"Financial Markets, Mathematical Modeling, R, Python"
Quantitative Analyst (Quant),"Financial Markets, Mathematical Modeling, R, Python"
Quantitative Analyst (Quant),"R, Mathematical Modeling, Financial Markets, Python"
Quantitative Analyst (Quant),"Mathematical Modeling, R, Financial Markets, Python"
Quantitative Analyst (Quant),"Mathematical Modeling, R, Python, Financial Markets"
Quantitative Analyst (Quant),"R, Mathematical Modeling, Python, Financial Markets"
Quantitative Analyst (Quant),"R, Mathematical Modeling, Python, Financial Markets"
Quantitative Analyst (Quant),"Financial Markets, Mathematical Modeling, Python, R"
Quantitative Analyst (Quant),"Financial Markets, R, Python, Mathematical Modeling"
Quantitative Analyst (Quant),"R, Financial Markets, Mathematical Modeling, Python"
Quantitative Analyst (Quant),"Python, Mathematical Modeling, Financial Markets, R"
Quantitative Analyst (Quant),"Python, Mathematical Modeling, R, Financial Markets"
Quantitative Analyst (Quant),"Financial Markets, Python, R, Mathematical Modeling"
Marketing Analyst,"Google Analytics, SEO, Data Visualization, Market Research"
Marketing Analyst,"Data Visualization, Market Research, SEO, Google Analytics"
Marketing Analyst,"Google Analytics, Data Visualization, SEO, Market Research"
Marketing Analyst,"Data Visualization, Google Analytics, SEO, Market Research"
Marketing Analyst,"SEO, Google Analytics, Data Visualization, Market Research"
Marketing Analyst,"Data Visualization, Google Analytics, Market Research, SEO"
Marketing Analyst,"SEO, Google Analytics, Market Research, Data Visualization"
Marketing Analyst,"Market Research, Data Visualization, Google Analytics, SEO"
Marketing Analyst,"Market Research, SEO, Google Analytics, Data Visualization"
Marketing Analyst,"SEO, Market Research, Data Visualization, Google Analytics"
Marketing Analyst,"SEO, Data Visualization, Market Research, Google Analytics"
Marketing Analyst,"SEO, Data Visualization, Market Research, Google Analytics"
Marketing Analyst,"Data Visualization, Market Research, SEO, Google Analytics"
Marketing Analyst,"Data Visualization, Google Analytics, Market Research, SEO"
Marketing Analyst,"Market Research, SEO, Google Analytics, Data Visualization"
Marketing Analyst,"Market Research, Google Analytics, SEO, Data Visualization"
Marketing Analyst,"SEO, Market Research, Google Analytics, Data Visualization"
Marketing Analyst,"SEO, Market Research, Data Visualization, Google Analytics"
Marketing Analyst,"Google Analytics, Data Visualization, SEO, Market Research"
Marketing Analyst,"Google Analytics, SEO, Data Visualization, Market Research"
3D Artist,"Blender, Rendering, Cinema 4D, Maya"
3D Artist,"Rendering, Blender, Maya, Cinema 4D"
3D Artist,"Maya, Rendering, Blender, Cinema 4D"
3D Artist,"Cinema 4D, Maya, Rendering, Blender"
3D Artist,"Cinema 4D, Rendering, Maya, Blender"
3D Artist,"Rendering, Maya, Blender, Cinema 4D"
3D Artist,"Blender, Cinema 4D, Rendering, Maya"
3D Artist,"Blender, Rendering, Maya, Cinema 4D"
3D Artist,"Cinema 4D, Blender, Rendering, Maya"
3D Artist,"Rendering, Maya, Blender, Cinema 4D"
3D Artist,"Cinema 4D, Maya, Rendering, Blender"
3D Artist,"Blender, Cinema 4D, Maya, Rendering"
3D Artist,"Rendering, Cinema 4D, Maya, Blender"
3D Artist,"Rendering, Blender, Maya, Cinema 4D"
3D Artist,"Cinema 4D, Maya, Blender, Rendering"
3D Artist,"Blender, Cinema 4D, Maya, Rendering"
Video Editor,"Adobe Premiere, After Effects, Final Cut Pro"
Video Editor,"Adobe Premiere, After Effects, Final Cut Pro"
Video Editor,"After Effects, Adobe Premiere, Final Cut Pro"
Video Editor,"Final Cut Pro, Adobe Premiere, After Effects"
Video Editor,"Final Cut Pro, Adobe Premiere, After Effects"
Video Editor,"After Effects, Final Cut Pro, Adobe Premiere"
Video Editor,"After Effects, Adobe Premiere, Final Cut Pro"
Video Editor,"Final Cut Pro, After Effects, Adobe Premiere"
Video Editor,"After Effects, Adobe Premiere, Final Cut Pro"
Video Editor,"After Effects, Final Cut Pro, Adobe Premiere"
Video Editor,"After Effects, Adobe Premiere, Final Cut Pro"
Video Editor,"Adobe Premiere, After Effects, Final Cut Pro"
Video Editor,"After Effects, Adobe Premiere, Final Cut Pro"
Video Editor,"Final Cut Pro, After Effects, Adobe Premiere"
Video Editor,"Adobe Premiere, After Effects, Final Cut Pro"
Video Editor,"After Effects, Adobe Premiere, Final Cut Pro"
Video Editor,"After Effects, Final Cut Pro, Adobe Premiere"
Video Editor,"Final Cut Pro, After Effects, Adobe Premiere"
Game Designer,"Unity, Level Design, Unreal Engine, Game Mechanics"
Game Designer,"Level Design, Game Mechanics, Unreal Engine, Unity"
Game Designer,"Level Design, Unity, Unreal Engine, Game Mechanics"
Game Designer,"Unity, Game Mechanics, Unreal Engine, Level Design"
Game Designer,"Unity, Game Mechanics, Unreal Engine, Level Design"
Game Designer,"Game Mechanics, Unity, Unreal Engine, Level Design"
Game Designer,"Unreal Engine, Level Design, Unity, Game Mechanics"
Game Designer,"Level Design, Unreal Engine, Game Mechanics, Unity"
Game Designer,"Game Mechanics, Level Design, Unity, Unreal Engine"
Game Designer,"Level Design, Game Mechanics, Unity, Unreal Engine"
Game Designer,"Game Mechanics, Unreal Engine, Unity, Level Design"
Game Designer,"Level Design, Unreal Engine, Game Mechanics, Unity"
Game Designer,"Game Mechanics, Unreal Engine, Level Design, Unity"
Game Designer,"Unity, Game Mechanics, Unreal Engine, Level Design"
Game Designer,"Unity, Level Design, Game Mechanics, Unreal Engine"
Game Designer,"Game Mechanics, Level Design, Unreal Engine, Unity"
Game Designer,"Unreal Engine, Level Design, Game Mechanics, Unity"
Game Designer,"Level Design, Unity, Game Mechanics, Unreal Engine"
Game Designer,"Unreal Engine, Game Mechanics, Level Design, Unity"
Social Media Manager,"Facebook Ads, Content Strategy, Instagram Marketing"
Social Media Manager,"Facebook Ads, Instagram Marketing, Content Strategy"
Social Media Manager,"Instagram Marketing, Facebook Ads, Content Strategy"
Social Media Manager,"Instagram Marketing, Facebook Ads, Content Strategy"
Social Media Manager,"Facebook Ads, Content Strategy, Instagram Marketing"
Social Media Manager,"Instagram Marketing, Facebook Ads, Content Strategy"
Social Media Manager,"Instagram Marketing, Content Strategy, Facebook Ads"
Social Media Manager,"Instagram Marketing, Facebook Ads, Content Strategy"
Social Media Manager,"Facebook Ads, Instagram Marketing, Content Strategy"
Social Media Manager,"Instagram Marketing, Content Strategy, Facebook Ads"
Social Media Manager,"Facebook Ads, Instagram Marketing, Content Strategy"
Social Media Manager,"Content Strategy, Instagram Marketing, Facebook Ads"
Social Media Manager,"Facebook Ads, Content Strategy, Instagram Marketing"
Social Media Manager,"Facebook Ads, Content Strategy, Instagram Marketing"
Social Media Manager,"Instagram Marketing, Facebook Ads, Content Strategy"
Social Media Manager,"Content Strategy, Instagram Marketing, Facebook Ads"
Social Media Manager,"Instagram Marketing, Facebook Ads, Content Strategy"
Social Media Manager,"Instagram Marketing, Content Strategy, Facebook Ads"
Social Media Manager,"Content Strategy, Instagram Marketing, Facebook Ads"
Social Media Manager,"Content Strategy, Facebook Ads, Instagram Marketing"
Sales Engineer,"Negotiation, Technical Sales, B2B Sales, CRM Software"
Sales Engineer,"Negotiation, B2B Sales, CRM Software, Technical Sales"
Sales Engineer,"CRM Software, Technical Sales, B2B Sales, Negotiation"
Sales Engineer,"Negotiation, B2B Sales, CRM Software, Technical Sales"
Sales Engineer,"CRM Software, Technical Sales, B2B Sales, Negotiation"
Sales Engineer,"Negotiation, CRM Software, B2B Sales, Technical Sales"
Sales Engineer,"Negotiation, Technical Sales, B2B Sales, CRM Software"
Sales Engineer,"CRM Software, B2B Sales, Technical Sales, Negotiation"
Sales Engineer,"CRM Software, Technical Sales, Negotiation, B2B Sales"
Sales Engineer,"Technical Sales, CRM Software, Negotiation, B2B Sales"
Sales Engineer,"Technical Sales, B2B Sales, CRM Software, Negotiation"
Sales Engineer,"Negotiation, B2B Sales, Technical Sales, CRM Software"
Sales Engineer,"Negotiation, Technical Sales, CRM Software, B2B Sales"
Sales Engineer,"CRM Software, Negotiation, B2B Sales, Technical Sales"
Sales Engineer,"CRM Software, Negotiation, B2B Sales, Technical Sales"
Content Strategist,"Copywriting, Brand Storytelling, SEO, Content Marketing"
Content Strategist,"Brand Storytelling, Copywriting, SEO, Content Marketing"
Content Strategist,"Brand Storytelling, SEO, Content Marketing, Copywriting"
Content Strategist,"Copywriting, Content Marketing, SEO, Brand Storytelling"
Content Strategist,"Content Marketing, Brand Storytelling, Copywriting, SEO"
Content Strategist,"Brand Storytelling, Content Marketing, Copywriting, SEO"
Content Strategist,"Copywriting, SEO, Content Marketing, Brand Storytelling"
Content Strategist,"Brand Storytelling, Copywriting, Content Marketing, SEO"
Content Strategist,"Copywriting, Content Marketing, Brand Storytelling, SEO"
Content Strategist,"Content Marketing, Copywriting, Brand Storytelling, SEO"
Content Strategist,"Brand Storytelling, Content Marketing, SEO, Copywriting"
Content Strategist,"Content Marketing, Brand Storytelling, Copywriting, SEO"
Content Strategist,"Copywriting, SEO, Content Marketing, Brand Storytelling"
Content Strategist,"Brand Storytelling, Copywriting, Content Marketing, SEO"
Content Strategist,"Brand Storytelling, Content Marketing, Copywriting, SEO"
Content Strategist,"Brand Storytelling, Content Marketing, SEO, Copywriting"
Content Strategist,"Copywriting, Brand Storytelling, SEO, Content Marketing"
Content Strategist,"SEO, Content Marketing, Brand Storytelling, Copywriting"
Brand Manager,"Marketing Strategy, Advertising, Consumer Behavior"
Brand Manager,"Consumer Behavior, Marketing Strategy, Advertising"
Brand Manager,"Consumer Behavior, Marketing Strategy, Advertising"
Brand Manager,"Consumer Behavior, Marketing Strategy, Advertising"
Brand Manager,"Marketing Strategy, Consumer Behavior, Advertising"
Brand Manager,"Consumer Behavior, Advertising, Marketing Strategy"
Brand Manager,"Advertising, Consumer Behavior, Marketing Strategy"
Brand Manager,"Consumer Behavior, Advertising, Marketing Strategy"
Brand Manager,"Advertising, Marketing Strategy, Consumer Behavior"
Brand Manager,"Advertising, Marketing Strategy, Consumer Behavior"
Brand Manager,"Advertising, Marketing Strategy, Consumer Behavior"
Brand Manager,"Consumer Behavior, Advertising, Marketing Strategy"
Brand Manager,"Advertising, Consumer Behavior, Marketing Strategy"
Brand Manager,"Marketing Strategy, Consumer Behavior, Advertising"
Brand Manager,"Advertising, Consumer Behavior, Marketing Strategy"
Brand Manager,"Marketing Strategy, Advertising, Consumer Behavior"
Brand Manager,"Consumer Behavior, Marketing Strategy, Advertising"
E-commerce Manager,"Customer Acquisition, Digital Marketing, Shopify, Amazon FBA"
E-commerce Manager,"Amazon FBA, Shopify, Customer Acquisition, Digital Marketing"
E-commerce Manager,"Customer Acquisition, Shopify, Amazon FBA, Digital Marketing"
E-commerce Manager,"Shopify, Customer Acquisition, Digital Marketing, Amazon FBA"
E-commerce Manager,"Shopify, Digital Marketing, Amazon FBA, Customer Acquisition"
E-commerce Manager,"Amazon FBA, Customer Acquisition, Shopify, Digital Marketing"
E-commerce Manager,"Digital Marketing, Shopify, Customer Acquisition, Amazon FBA"
E-commerce Manager,"Amazon FBA, Shopify, Digital Marketing, Customer Acquisition"
E-commerce Manager,"Amazon FBA, Customer Acquisition, Shopify, Digital Marketing"
E-commerce Manager,"Digital Marketing, Amazon FBA, Shopify, Customer Acquisition"
E-commerce Manager,"Digital Marketing, Customer Acquisition, Shopify, Amazon FBA"
E-commerce Manager,"Amazon FBA, Shopify, Customer Acquisition, Digital Marketing"
E-commerce Manager,"Digital Marketing, Shopify, Customer Acquisition, Amazon FBA"
E-commerce Manager,"Digital Marketing, Customer Acquisition, Shopify, Amazon FBA"
E-commerce Manager,"Digital Marketing, Customer Acquisition, Amazon FBA, Shopify"
E-commerce Manager,"Digital Marketing, Shopify, Amazon FBA, Customer Acquisition"
E-commerce Manager,"Digital Marketing, Amazon FBA, Customer Acquisition, Shopify"
E-commerce Manager,"Digital Marketing, Customer Acquisition, Amazon FBA, Shopify"
E-commerce Manager,"Shopify, Amazon FBA, Digital Marketing, Customer Acquisition"
HR Manager,"HR Policies, Payroll, Recruitment, Employee Relations, Talent Management"
HR Manager,"Payroll, Recruitment, HR Policies, Employee Relations"
HR Manager,"Recruitment, Employee Relations, Talent Management, HR Policies, Payroll"
HR Manager,"Employee Relations, Talent Management, HR Policies, Payroll"
HR Manager,"Payroll, HR Policies, Recruitment, Employee Relations, Talent Management"
HR Manager,"Payroll, Employee Relations, Talent Management, Recruitment, HR Policies"
HR Manager,"Employee Relations, HR Policies, Talent Management, Payroll"
HR Manager,"Recruitment, Talent Management, HR Policies, Payroll, Employee Relations"
HR Manager,"Recruitment, Employee Relations, Payroll, HR Policies, Talent Management"
HR Manager,"Talent Management, Recruitment, Employee Relations, Payroll, HR Policies"
HR Manager,"Recruitment, HR Policies, Talent Management, Employee Relations"
HR Manager,"HR Policies, Employee Relations, Talent Management, Recruitment"
HR Manager,"Payroll, HR Policies, Employee Relations, Talent Management"
HR Manager,"Payroll, Employee Relations, HR Policies, Recruitment"
HR Manager,"Recruitment, Employee Relations, Talent Management, Payroll"
HR Manager,"Recruitment, Employee Relations, HR Policies, Payroll, Talent Management"
HR Manager,"Talent Management, HR Policies, Payroll, Recruitment, Employee Relations"
Healthcare Professional,"Emergency Care, Patient Care, Clinical Procedures, Pharmacology"
Healthcare Professional,"Pharmacology, Patient Care, Clinical Procedures, Emergency Care"
Healthcare Professional,"Patient Care, Pharmacology, Clinical Procedures, Medical Diagnosis"
Healthcare Professional,"Patient Care, Medical Diagnosis, Emergency Care, Pharmacology, Clinical Procedures"
Healthcare Professional,"Clinical Procedures, Medical Diagnosis, Pharmacology, Patient Care, Emergency Care"
Healthcare Professional,"Pharmacology, Emergency Care, Clinical Procedures, Patient Care, Medical Diagnosis"
Healthcare Professional,"Patient Care, Emergency Care, Pharmacology, Clinical Procedures"
Healthcare Professional,"Clinical Procedures, Patient Care, Emergency Care, Medical Diagnosis, Pharmacology"
Healthcare Professional,"Clinical Procedures, Pharmacology, Emergency Care, Medical Diagnosis"
Healthcare Professional,"Clinical Procedures, Emergency Care, Pharmacology, Medical Diagnosis"
Healthcare Professional,"Pharmacology, Emergency Care, Clinical Procedures, Patient Care"
Healthcare Professional,"Medical Diagnosis, Emergency Care, Patient Care, Clinical Procedures"
Healthcare Professional,"Patient Care, Clinical Procedures, Pharmacology, Emergency Care"
Healthcare Professional,"Medical Diagnosis, Emergency Care, Pharmacology, Patient Care, Clinical Procedures"
Healthcare Professional,"Patient Care, Medical Diagnosis, Pharmacology, Clinical Procedures, Emergency Care"
Healthcare Professional,"Clinical Procedures, Patient Care, Pharmacology, Emergency Care"
Healthcare Professional,"Pharmacology, Patient Care, Emergency Care, Clinical Procedures"
Digital Marketer,"Analytics, SEO, Email Marketing, Content Marketing"
Digital Marketer,"Content Marketing, Analytics, Social Media, Google Ads"
Digital Marketer,"Google Ads, Analytics, SEO, Social Media"
Digital Marketer,"Analytics, Social Media, Content Marketing, Google Ads, SEO"
Digital Marketer,"Analytics, Email Marketing, Content Marketing, SEO, Social Media"
Digital Marketer,"Google Ads, SEO, Social Media, Content Marketing"
Digital Marketer,"Google Ads, Analytics, Social Media, Email Marketing"
Digital Marketer,"Email Marketing, Analytics, Content Marketing, Social Media, Google Ads"
Digital Marketer,"Analytics, SEO, Content Marketing, Social Media"
Digital Marketer,"Google Ads, Content Marketing, SEO, Social Media"
Digital Marketer,"Email Marketing, SEO, Content Marketing, Google Ads, Analytics"
Digital Marketer,"Google Ads, Analytics, Email Marketing, Social Media, SEO"
Digital Marketer,"Email Marketing, Analytics, SEO, Google Ads"
Digital Marketer,"Social Media, Email Marketing, Analytics, Content Marketing, SEO"
Digital Marketer,"Google Ads, Email Marketing, Analytics, Content Marketing"
Digital Marketer,"Google Ads, Email Marketing, Content Marketing, Analytics"
Digital Marketer,"Email Marketing, SEO, Social Media, Google Ads, Content Marketing"
Data Analyst,"SQL, Tableau, Excel, Power BI, Data Visualization"
Data Analyst,"Excel, Python, Data Visualization, SQL, Power BI"
Data Analyst,"Excel, Data Visualization, Machine Learning, Power BI, Tableau"
Data Analyst,"Data Visualization, Python, Tableau, Excel"
Data Analyst,"Tableau, Excel, Python, Power BI"
Data Analyst,"Python, Power BI, Data Visualization, Tableau"
Data Analyst,"Power BI, Machine Learning, SQL, Python, Tableau"
Data Analyst,"Excel, Tableau, Data Visualization, SQL, Machine Learning"
Data Analyst,"Machine Learning, SQL, Data Visualization, Power BI"
Data Analyst,"Python, Tableau, Machine Learning, Data Visualization"
Data Analyst,"Python, Data Visualization, Tableau, Excel"
Data Analyst,"Power BI, Data Visualization, Machine Learning, SQL"
Data Analyst,"Machine Learning, Tableau, Data Visualization, Python, SQL"
Data Analyst,"Machine Learning, Python, Tableau, Excel"
Data Analyst,"Power BI, Excel, Python, SQL, Tableau"
Data Analyst,"Power BI, SQL, Excel, Data Visualization"
Data Analyst,"Machine Learning, Excel, Data Visualization, Power BI, Python"
